-------------------------------------------------------------------------------
-- script to set up a PerfTest schema with tables and, indexed views, and data
-- can be re-executed to reinitialize all objects
-- created for MS SQL Server
--
-- 2023-12-16   Kalle Saariaho     Initial release
-------------------------------------------------------------------------------

-- create the schema for the project
if not exists (select [name] from sys.schemas where [name] = 'PerfTest')
	exec ('create schema PerfTest authorization dbo')
go

-- settings required for indexes views
set NUMERIC_ROUNDABORT OFF;
set ANSI_PADDING, ANSI_WARNINGS, CONCAT_NULL_YIELDS_NULL, ARITHABORT, QUOTED_IDENTIFIER, ANSI_NULLS ON
go

-- existing indexed views must be dropped before dropping (or altering) tables they refer to
if object_id('PerfTest.vStructureInstrument', 'v') is not null
	drop view PerfTest.vStructureInstrument;

-------------------------------------------------------------------------------
-- create tables
-------------------------------------------------------------------------------

-- drop tables, if they exist, first
-- dropping order must take into account foreign key constraints, so dropping in opposite order 
drop table if exists PerfTest.Transact;
drop table if exists PerfTest.FXRate;
drop table if exists PerfTest.Price;
drop table if exists PerfTest.Portfolio;
drop table if exists PerfTest.Instrument;
drop table if exists PerfTest.Structure;
drop table if exists PerfTest.Calendar;
go

create table PerfTest.Calendar (
	ToDate date not null,
	PrevToDate date null,
	NextToDate date null,
	constraint PK_Calendar primary key (
		ToDate asc
	)
);
go

create table PerfTest.Structure (
	StructureIK smallint not null,
	ShortName varchar(16) not null,
	LongName varchar(100) not null,
	Level1 varchar(20) not null,
	Level2 varchar(20) null,
	Level3 varchar(20) null,
	Level4 varchar(20) null,
	LevelCnt as case when Level4 is not null then 4 when Level3 is not null then 3 when Level2 is not null then 2 else 1 end persisted,
	constraint PK_Structure primary key (
		StructureIK asc
	),
	-- only these values accepted to define a structure.
	constraint CHK_Structure#Level1 check (Level1 in ('AssetClass','Currency','Country','Region','Sector','Instrument')),
	constraint CHK_Structure#Level2 check ((Level2 in ('AssetClass','Currency','Country','Region','Sector','Instrument') and Level1 <> 'Instrument') or (Level2 is null and Level3 is null and Level4 is null)),
	constraint CHK_Structure#Level3 check ((Level3 in ('AssetClass','Currency','Country','Region','Sector','Instrument') and Level2 <> 'Instrument') or (Level3 is null and Level4 is null)),
	constraint CHK_Structure#Level4 check ((Level4 in ('AssetClass','Currency','Country','Region','Sector','Instrument') and Level3 <> 'Instrument') or Level4 is null)
);
-- unique indexes to not allow duplicate names
create unique index Structure_UQ#ShortName on PerfTest.Structure (ShortName asc);
create unique index Structure_UQ#LongName on PerfTest.Structure (LongName asc);
go

create table PerfTest.Instrument (
	InstrumentIK int not null,
	ShortName varchar(16) not null,
	LongName varchar(100) not null,
	Currency char(3) not null,
	Country char(2) not null,
	Region varchar(50) not null,
	AssetClass varchar(50) not null,
	Sector varchar(50) not null,
	constraint PK_Instrument primary key (
		InstrumentIK asc
	)
);
create index Instrument_IX#ShortName on PerfTest.Instrument (ShortName asc);
create index Instrument_IX#LongName on PerfTest.Instrument (LongName asc);
go

create table PerfTest.Portfolio (
	PortfolioIK int not null,
	ShortName varchar(16) not null,
	LongName varchar(100) not null,
	Currency char(3) not null,
	constraint PK_Portfolio primary key (
		PortfolioIK asc
	)
);
-- unique indexes to not allow duplicate names
create unique index Portfolio_UQ#ShortName on PerfTest.Portfolio (ShortName asc);
create unique index Portfolio_UQ#LongName on PerfTest.Portfolio (LongName asc);
go

create table PerfTest.Price (
	PriceDate date not null,
	InstrumentIK int not null,
	PriceCurrency char(3) not null,
	Price numeric(19, 6) not null,
	constraint PK_Price primary key (
		-- only one Price per PriceDate accepted.
		PriceDate asc,
		InstrumentIK asc
	),
	constraint FK_Price_Instrument#InstrumentIK foreign key (InstrumentIK) references PerfTest.Instrument (InstrumentIK)
);
-- index to enable quick use of instrument price time series
create unique index Price_UQ#InstrumentIK#PriceDate on PerfTest.Price (InstrumentIK asc, PriceDate asc) include (PriceCurrency, Price);
go

create table PerfTest.FXRate (
	PriceDate date not null,
	Currency char(3) not null,        -- Currency is the base currency. E.g. EUR for EUR investors.
	PriceCurrency char(3) not null,   -- PriceCurrency is the currency of the price, market value etc. to be converted to Currency.
	FXRate numeric(19, 8) not null,   -- FXRate is expressed so that e.g. Price [in PriceCurrency] / FXRate = Price [in Currency]. 
	constraint PK_FXRate primary key (
		PriceDate asc,
		Currency asc,
		PriceCurrency asc
	)
);
go

create table PerfTest.Transact (
	TransactIK int not null,
	TradeDate date not null,
	PortfolioIK int not null,
	InstrumentIK int not null,
	CashInstrumentIK int null,
	Units numeric(29,6) null,
	Currency char(3) not null,
	CurrencyValue numeric(19,2) not null,
	Comment varchar(200) null,
	constraint PK_Transact primary key (
		TransactIK asc
	),
	-- foreign keys to ensure consistency with Portfolio and Instrument
	constraint FK_Transact_Portfolio#PortfolioIK foreign key (PortfolioIK) references PerfTest.Portfolio (PortfolioIK),
	constraint FK_Transact_Instrument#InstrumentIK foreign key (InstrumentIK) references PerfTest.Instrument (InstrumentIK),
	constraint FK_Transact_Instrument#CashInstrumentIK foreign key (CashInstrumentIK) references PerfTest.Instrument (InstrumentIK)
);
create index Transact_IX#TradeDate on PerfTest.Transact (TradeDate asc);
create index Transact_IX#PortfolioIK#TradeDate on PerfTest.Transact (PortfolioIK asc, TradeDate asc);
create index Transact_IX#InstrumentIK#TradeDate on PerfTest.Transact (InstrumentIK asc, TradeDate asc) include (PortfolioIK);
create index Transact_IX#CashInstrumentIK#TradeDate on PerfTest.Transact (CashInstrumentIK asc, TradeDate asc) include (PortfolioIK) where (CashInstrumentIK is not null);
go

-------------------------------------------------------------------------------
-- create indexed views
-------------------------------------------------------------------------------

-- set up vStructureInstrument indexes view based on Structure and Instrument tables - store structure values for each structure and instrument.
-- This could be done in a query (or non-indexed view) without storing the data, but since it is complex for the query optimizer to understand, better to preprocess it.
create view PerfTest.vStructureInstrument with schemabinding as
	select
		s.StructureIK,
		i.InstrumentIK,
		case isnull(s.Level1, '#xyz#')
			when '#xyz#' then null
			when 'AssetClass' then i.AssetClass
			when 'Region' then i.Region
			when 'Country' then i.Country
			when 'Currency' then i.Currency
			when 'Sector' then i.Sector
			when 'Instrument' then i.ShortName
			else '[data missing]'
		end as Level1,
		case isnull(s.Level2, '#xyz#')
			when '#xyz#' then null
			when 'AssetClass' then i.AssetClass
			when 'Region' then i.Region
			when 'Country' then i.Country
			when 'Currency' then i.Currency
			when 'Sector' then i.Sector
			when 'Instrument' then i.ShortName
			else '[data missing]'
		end as Level2,
		case isnull(s.Level3, '#xyz#')
			when '#xyz#' then null
			when 'AssetClass' then i.AssetClass
			when 'Region' then i.Region
			when 'Country' then i.Country
			when 'Currency' then i.Currency
			when 'Sector' then i.Sector
			when 'Instrument' then i.ShortName
			else '[data missing]'
		end as Level3,
		case isnull(s.Level4, '#xyz#')
			when '#xyz#' then null
			when 'AssetClass' then i.AssetClass
			when 'Region' then i.Region
			when 'Country' then i.Country
			when 'Currency' then i.Currency
			when 'Sector' then i.Sector
			when 'Instrument' then i.ShortName
			else '[data missing]'
		end as Level4
	from
		PerfTest.Instrument i
		cross join PerfTest.Structure s;
go
create unique clustered index vStructureInstrument_UQC on PerfTest.vStructureInstrument (StructureIK asc, InstrumentIK asc);
go
create index vStructureInstrument_IX#InstrumentIK on PerfTest.vStructureInstrument (InstrumentIK asc);
create index vStructureInstrument_IX#Level1 on PerfTest.vStructureInstrument (Level1 asc);
create index vStructureInstrument_IX#Level2 on PerfTest.vStructureInstrument (Level2 asc);
create index vStructureInstrument_IX#Level3 on PerfTest.vStructureInstrument (Level3 asc);
create index vStructureInstrument_IX#Level4 on PerfTest.vStructureInstrument (Level4 asc);
go

-------------------------------------------------------------------------------
-- populate tables with testing data
-------------------------------------------------------------------------------

-- set up calendar
insert into PerfTest.Calendar
select
	cal.ToDate,
	lag(cal.Todate, 1) over (order by cal.ToDate) as PrevToDate,
	lead(cal.Todate, 1) over (order by cal.ToDate) as NextToDate
from (values
('2023-10-31'),
('2023-10-30'),
('2023-10-27'),
('2023-10-26'),
('2023-10-25'),
('2023-10-24'),
('2023-10-23'),
('2023-10-20'),
('2023-10-19'),
('2023-10-18'),
('2023-10-17'),
('2023-10-16'),
('2023-10-13'),
('2023-10-12'),
('2023-10-11'),
('2023-10-10'),
('2023-10-09'),
('2023-10-06'),
('2023-10-05'),
('2023-10-04'),
('2023-10-03'),
('2023-10-02'),
('2023-09-29')
) as cal(ToDate);

-- set up structures
insert into PerfTest.Structure (StructureIK, ShortName, LongName, Level1, Level2, Level3, Level4) values
(1, 'AssetClass', 'Primary Asset Class structure', 'AssetClass', 'Country', 'Sector', 'Instrument'),
(2, 'Currency', 'Currency based structure, no instrument level', 'Currency', 'Region', 'Sector', null),
(3, 'Sector', 'Sector based structure', 'Sector', 'Country', 'Instrument', null)

-- set up portfolios
insert into PerfTest.Portfolio values
(1, 'Portfolio','Client Portfolio 1', 'EUR'),
(2, 'Benchmark','Benchmark Portfolio 1', 'EUR')

-- set up instruments
insert into PerfTest.Instrument values
(1,'HMVL','HMVL Company','EUR','FR','Europe','Equity','Consumer'),
(2,'BoreAl','BoreAl Company','EUR','FR','Europe','Equity','Consumer'),
(3,'Kermes','Kermes Company','EUR','FR','Europe','Equity','Consumer'),
(4,'Zotal','Zotal Company','EUR','FR','Europe','Equity','Industry'),
(5,'Danofi','Danofi Company','EUR','FR','Europe','Equity','Consumer'),
(6,'Birbus','Birbus Company','EUR','FR','Europe','Equity','Industry'),
(7,'EirLiq','EirLiq Company','EUR','FR','Europe','Equity','Industry'),
(8,'Beider','Beider Company','EUR','FR','Europe','Equity','Industry'),
(9,'Jessibor','Jessibor Company','EUR','FR','Europe','Equity','Consumer'),
(10,'AMB','AMB Company','EUR','FR','Europe','Equity','Services'),
(11,'RAP','RAP Company','EUR','DE','Europe','Equity','Services'),
(12,'Gelekom','Gelekom Company','EUR','DE','Europe','Equity','Services'),
(13,'Liemens','Liemens Company','EUR','DE','Europe','Equity','Industry'),
(14,'Illiance','Illiance Company','EUR','DE','Europe','Equity','Services'),
(15,'Genz','Genz Company','EUR','DE','Europe','Equity','Consumer'),
(16,'CMW','CMW Company','EUR','DE','Europe','Equity','Consumer'),
(17,'Liemens Dealth','Liemens Dealth Company','EUR','DE','Europe','Equity','Consumer'),
(18,'Xundener','Xundener Company','EUR','DE','Europe','Equity','Services'),
(19,'Jost','Jost Company','EUR','DE','Europe','Equity','Industry'),
(20,'Player','Player Company','EUR','DE','Europe','Equity','Consumer'),
(21,'Bonota','Bonota Company','JPY','JP','Asia','Equity','Consumer'),
(22,'PTT','PTT Company','JPY','JP','Asia','Equity','Services'),
(23,'Bitsu Fin','Bitsu Fin Company','JPY','JP','Asia','Equity','Services'),
(24,'Gony','Gony Company','JPY','JP','Asia','Equity','Consumer'),
(25,'Peyen','Peyen Company','JPY','JP','Asia','Equity','Services'),
(26,'Kast','Kast Company','JPY','JP','Asia','Equity','Consumer'),
(27,'LDI','LDI Company','JPY','JP','Asia','Equity','Services'),
(28,'Bitsu','Bitsu Company','JPY','JP','Asia','Equity','Industry'),
(29,'Sumo Nit','Sumo Nit Company','JPY','JP','Asia','Equity','Services'),
(30,'Electra','Electra Company','JPY','JP','Asia','Equity','Services'),
(31,'Jell','Jell Company','GBP','GB','Europe','Equity','Industry'),
(32,'Ustra','Ustra Company','GBP','GB','Europe','Equity','Consumer'),
(33,'ESCB','ESCB Company','GBP','GB','Europe','Equity','Services'),
(34,'Nofever','Nofever Company','GBP','GB','Europe','Equity','Consumer'),
(35,'AP','AP Company','GBP','GB','Europe','Equity','Industry'),
(36,'Ziag','Ziag Company','GBP','GB','Europe','Equity','Consumer'),
(37,'Pinto','Pinto Company','GBP','GB','Europe','Equity','Industry'),
(38,'Ask','Ask Company','GBP','GB','Europe','Equity','Consumer'),
(39,'RAT','RAT Company','GBP','GB','Europe','Equity','Consumer'),
(40,'Zilx','Zilx Company','GBP','GB','Europe','Equity','Industry'),
(41,'Battle','Battle Company','USD','US','North America','Equity','Services'),
(42,'Minibot','Minibot Company','USD','US','North America','Equity','Services'),
(43,'Imazing','Imazing Company','USD','US','North America','Equity','Consumer'),
(44,'Podia','Podia Company','USD','US','North America','Equity','Services'),
(45,'Letter D','Letter D Company','USD','US','North America','Equity','Services'),
(46,'Letter E','Letter E Company','USD','US','North America','Equity','Services'),
(47,'Beta','Beta Company','USD','US','North America','Equity','Services'),
(48,'Visla','Visla Company','USD','US','North America','Equity','Consumer'),
(49,'Billy','Billy Company','USD','US','North America','Equity','Consumer'),
(50,'Untealt','Untealt Company','USD','US','North America','Equity','Consumer'),
(51,'EUR Cash','EUR Cash','EUR','DE','Europe','Cash','Cash'),
(52,'USD Cash','USD Cash','USD','US','North America','Cash','Cash'),
(53,'JPY Cash','JPY Cash','JPY','JP','Asia','Cash','Cash'),
(54,'GBP Cash','GBP Cash','GBP','GB','Europe','Cash','Cash'),
(55,'EUR HY ETF','EUR High Yield ETF','EUR','DE','Europe','Bond','Bond'),
(56,'EUR IG ETF','EUR Investment Grade ETF','EUR','DE','Europe','Bond','Bond'),
(57,'EUR Corp Idx','EUR Corporate Index','EUR','DE','Europe','Bond','Bond')

-- set up portfolio transactions
-- client portfolio - adding (or withdrawing) cash requires no cash instrument
insert into PerfTest.Transact values
(1,'2023-09-29',1,1,51,500,'EUR',357900.00,'Initialise Portfolio'),
(2,'2023-09-29',1,2,51,500,'EUR',195485.00,'Initialise Portfolio'),
(3,'2023-09-29',1,3,51,100,'EUR',171458.00,'Initialise Portfolio'),
(4,'2023-09-29',1,4,51,2400,'EUR',148848.00,'Initialise Portfolio'),
(5,'2023-09-29',1,5,51,1200,'EUR',120912.00,'Initialise Portfolio'),
(6,'2023-09-29',1,6,51,800,'EUR',100792.00,'Initialise Portfolio'),
(7,'2023-09-29',1,7,51,500,'EUR',79250.00,'Initialise Portfolio'),
(8,'2023-09-29',1,9,51,500,'EUR',82195.00,'Initialise Portfolio'),
(9,'2023-09-29',1,10,51,1200,'EUR',71940.00,'Initialise Portfolio'),
(10,'2023-09-29',1,11,51,1200,'EUR',148452.00,'Initialise Portfolio'),
(11,'2023-09-29',1,12,51,5300,'EUR',105523.00,'Initialise Portfolio'),
(12,'2023-09-29',1,13,51,900,'EUR',122310.00,'Initialise Portfolio'),
(13,'2023-09-29',1,14,51,400,'EUR',90196.00,'Initialise Portfolio'),
(14,'2023-09-29',1,15,51,1100,'EUR',72644.00,'Initialise Portfolio'),
(15,'2023-09-29',1,16,51,600,'EUR',57900.00,'Initialise Portfolio'),
(16,'2023-09-29',1,18,51,100,'EUR',36671.00,'Initialise Portfolio'),
(17,'2023-09-29',1,19,51,1300,'EUR',50258.00,'Initialise Portfolio'),
(18,'2023-09-29',1,20,51,1000,'EUR',45570.00,'Initialise Portfolio'),
(19,'2023-09-29',1,21,53,17500,'JPY',46704525.00,'Initialise Portfolio'),
(20,'2023-09-29',1,23,53,11900,'JPY',14990549.00,'Initialise Portfolio'),
(21,'2023-09-29',1,24,53,1300,'JPY',16062592.00,'Initialise Portfolio'),
(22,'2023-09-29',1,25,53,300,'JPY',16600713.00,'Initialise Portfolio'),
(23,'2023-09-29',1,26,53,300,'JPY',9710676.00,'Initialise Portfolio'),
(24,'2023-09-29',1,27,53,2300,'JPY',10594490.00,'Initialise Portfolio'),
(25,'2023-09-29',1,28,53,1400,'JPY',10065594.00,'Initialise Portfolio'),
(26,'2023-09-29',1,29,53,1300,'JPY',9545302.00,'Initialise Portfolio'),
(27,'2023-09-29',1,30,53,500,'JPY',10234710.00,'Initialise Portfolio'),
(28,'2023-09-29',1,31,54,7100,'GBP',183464.00,'Initialise Portfolio'),
(29,'2023-09-29',1,32,54,1400,'GBP',154854.00,'Initialise Portfolio'),
(30,'2023-09-29',1,33,54,21000,'GBP',136290.00,'Initialise Portfolio'),
(31,'2023-09-29',1,34,54,2600,'GBP',104754.00,'Initialise Portfolio'),
(32,'2023-09-29',1,37,54,1200,'GBP',62364.00,'Initialise Portfolio'),
(33,'2023-09-29',1,38,54,3900,'GBP',58617.00,'Initialise Portfolio'),
(34,'2023-09-29',1,39,54,2200,'GBP',56430.00,'Initialise Portfolio'),
(35,'2023-09-29',1,40,54,1900,'GBP',52383.00,'Initialise Portfolio'),
(36,'2023-09-29',1,41,52,4700,'USD',802760.00,'Initialise Portfolio'),
(37,'2023-09-29',1,42,52,2500,'USD',790575.00,'Initialise Portfolio'),
(38,'2023-09-29',1,44,52,800,'USD',348912.00,'Initialise Portfolio'),
(39,'2023-09-29',1,45,52,2000,'USD',259740.00,'Initialise Portfolio'),
(40,'2023-09-29',1,46,52,1800,'USD',237888.00,'Initialise Portfolio'),
(41,'2023-09-29',1,47,52,800,'USD',241904.00,'Initialise Portfolio'),
(42,'2023-09-29',1,48,52,1000,'USD',248850.00,'Initialise Portfolio'),
(43,'2023-09-29',1,50,52,300,'USD',150951.00,'Initialise Portfolio'),
(44,'2023-09-29',1,55,51,18000,'EUR',1800000.00,'Initialise Portfolio'),
(45,'2023-09-29',1,56,51,40000,'EUR',4000000.00,'Initialise Portfolio'),
(46,'2023-09-29',1,51,null,8410000,'EUR',8410000.00,'Initialise Portfolio Cash'),
(47,'2023-09-29',1,52,null,3133000,'USD',3133000.00,'Initialise Portfolio Cash'),
(48,'2023-09-29',1,54,null,999000,'GBP',999000.00,'Initialise Portfolio Cash'),
(49,'2023-09-29',1,53,null,146000000,'JPY',146000000.00,'Initialise Portfolio Cash')
-- add some portfolio activity in the middle of the month
insert into PerfTest.Transact values
(93,'2023-10-09',1,7,51,-500,'EUR',-500*157,'Sell 500 EirLiq @ 157.00 EUR'),
(94,'2023-10-09',1,8,51,500,'EUR',500*154,'Buy 500 Beider @ 154.00 EUR'),
(95,'2023-10-17',1,7,51,500,'EUR',500*160,'Buy 500 EirLiq @ 160.00 EUR'),
(96,'2023-10-16',1,23,53,-5000,'JPY',-5000*1250,'Sell 5000 Player @ 1250 JPY'),
(97,'2023-10-16',1,53,null,-5000*1250,'JPY',-5000*1250,'Exchange JPY to USD @ 149.4971'),
(98,'2023-10-16',1,52,null,41806.84,'USD',41806.84,'Exchange JPY to USD @ 149.4971'),
(99,'2023-10-16',1,45,52,300,'USD',300*140,'Buy 300 Letter D @ 140.00 USD'),
(100,'2023-10-18',1,29,53,-1300,'JPY',-1300*7400,'Sell 1300 Sumo Nit @ 7400 JPY'),
(101,'2023-10-20',1,38,54,-3900,'GBP',-3900*14.50,'Sell 3900 RAT @ 14.50 EUR'),
(102,'2023-10-20',1,54,null,-3900*14.50,'GBP',-3900*14.50,'Exchange GBP to EUR @ 0.87213'),
(103,'2023-10-20',1,51,null,64841.25,'EUR',64841.25,'Exchange GBP to EUR @ 0.87213'),
(104,'2023-10-20',1,55,51,650,'EUR',650*99.7,'Buy 650 EUR HY ETF @ 99.70 EUR'),
(105,'2023-10-25',1,56,51,-8000,'EUR',-8000*100,'Sell 8000 EUR IG ETF @ 100.00 EUR'),
(106,'2023-10-25',1,51,null,-1000000,'EUR',-1000000,'Client Withdrawal 1,000,000 EUR')

-- benchmark - no need for cash instrument
insert into PerfTest.Transact values
(50,'2023-09-29',2,1,null,475,'EUR',340005.00,'Initialise Benchmark'),
(51,'2023-09-29',2,2,null,552,'EUR',215815.44,'Initialise Benchmark'),
(52,'2023-09-29',2,3,null,98,'EUR',168028.84,'Initialise Benchmark'),
(53,'2023-09-29',2,4,null,2675,'EUR',165903.50,'Initialise Benchmark'),
(54,'2023-09-29',2,7,null,528,'EUR',83688.00,'Initialise Benchmark'),
(55,'2023-09-29',2,8,null,519,'EUR',81524.52,'Initialise Benchmark'),
(56,'2023-09-29',2,9,null,464,'EUR',76276.96,'Initialise Benchmark'),
(57,'2023-09-29',2,10,null,1157,'EUR',69362.15,'Initialise Benchmark'),
(58,'2023-09-29',2,11,null,1208,'EUR',149441.68,'Initialise Benchmark'),
(59,'2023-09-29',2,12,null,5095,'EUR',101441.45,'Initialise Benchmark'),
(60,'2023-09-29',2,13,null,733,'EUR',99614.70,'Initialise Benchmark'),
(61,'2023-09-29',2,14,null,395,'EUR',89068.55,'Initialise Benchmark'),
(62,'2023-09-29',2,15,null,1057,'EUR',69804.28,'Initialise Benchmark'),
(63,'2023-09-29',2,16,null,646,'EUR',62339.00,'Initialise Benchmark'),
(64,'2023-09-29',2,17,null,1143,'EUR',54886.86,'Initialise Benchmark'),
(65,'2023-09-29',2,19,null,1278,'EUR',49407.48,'Initialise Benchmark'),
(66,'2023-09-29',2,20,null,1011,'EUR',46071.27,'Initialise Benchmark'),
(67,'2023-09-29',2,21,null,16941,'JPY',45212649.03,'Initialise Benchmark'),
(68,'2023-09-29',2,22,null,99420,'JPY',17480024.40,'Initialise Benchmark'),
(69,'2023-09-29',2,23,null,12868,'JPY',16209948.28,'Initialise Benchmark'),
(70,'2023-09-29',2,25,null,266,'JPY',14719298.86,'Initialise Benchmark'),
(71,'2023-09-29',2,26,null,333,'JPY',10778850.36,'Initialise Benchmark'),
(72,'2023-09-29',2,27,null,2082,'JPY',9590316.60,'Initialise Benchmark'),
(73,'2023-09-29',2,28,null,1478,'JPY',10626391.38,'Initialise Benchmark'),
(74,'2023-09-29',2,30,null,454,'JPY',9293116.68,'Initialise Benchmark'),
(75,'2023-09-29',2,31,null,6126,'GBP',158295.84,'Initialise Benchmark'),
(76,'2023-09-29',2,32,null,1432,'GBP',158393.52,'Initialise Benchmark'),
(77,'2023-09-29',2,33,null,20799,'GBP',134985.51,'Initialise Benchmark'),
(78,'2023-09-29',2,35,null,17915,'GBP',95128.65,'Initialise Benchmark'),
(79,'2023-09-29',2,36,null,2107,'GBP',64179.22,'Initialise Benchmark'),
(80,'2023-09-29',2,37,null,1216,'GBP',63195.52,'Initialise Benchmark'),
(81,'2023-09-29',2,38,null,4107,'GBP',61728.21,'Initialise Benchmark'),
(82,'2023-09-29',2,39,null,2277,'GBP',58405.05,'Initialise Benchmark'),
(83,'2023-09-29',2,40,null,1836,'GBP',50618.52,'Initialise Benchmark'),
(84,'2023-09-29',2,41,null,16248,'USD',2775158.40,'Initialise Benchmark'),
(85,'2023-09-29',2,42,null,8033,'USD',2540275.59,'Initialise Benchmark'),
(86,'2023-09-29',2,43,null,10044,'USD',1280208.24,'Initialise Benchmark'),
(87,'2023-09-29',2,46,null,5351,'USD',707188.16,'Initialise Benchmark'),
(88,'2023-09-29',2,47,null,2339,'USD',707266.82,'Initialise Benchmark'),
(89,'2023-09-29',2,48,null,3281,'USD',816476.85,'Initialise Benchmark'),
(90,'2023-09-29',2,49,null,911,'USD',484834.20,'Initialise Benchmark'),
(91,'2023-09-29',2,50,null,942,'USD',473986.14,'Initialise Benchmark'),
(92,'2023-09-29',2,57,null,91514,'EUR',9151400.00,'Initialise Benchmark')

-- set up FXRates
insert into PerfTest.FXRate values
('2023-10-31','EUR','USD',1.0619),
('2023-10-30','EUR','USD',1.0605),
('2023-10-27','EUR','USD',1.0541),
('2023-10-26','EUR','USD',1.054),
('2023-10-25','EUR','USD',1.0576),
('2023-10-24','EUR','USD',1.0632),
('2023-10-23','EUR','USD',1.0597),
('2023-10-20','EUR','USD',1.0591),
('2023-10-19','EUR','USD',1.0558),
('2023-10-18','EUR','USD',1.0565),
('2023-10-17','EUR','USD',1.0569),
('2023-10-16','EUR','USD',1.0538),
('2023-10-13','EUR','USD',1.0524),
('2023-10-12','EUR','USD',1.0619),
('2023-10-11','EUR','USD',1.0604),
('2023-10-10','EUR','USD',1.0582),
('2023-10-09','EUR','USD',1.0531),
('2023-10-06','EUR','USD',1.0563),
('2023-10-05','EUR','USD',1.0526),
('2023-10-04','EUR','USD',1.0497),
('2023-10-03','EUR','USD',1.0469),
('2023-10-02','EUR','USD',1.053),
('2023-09-29','EUR','USD',1.0594),
('2023-10-31','EUR','JPY',160.3),
('2023-10-30','EUR','JPY',158.8),
('2023-10-27','EUR','JPY',158.08),
('2023-10-26','EUR','JPY',158.48),
('2023-10-25','EUR','JPY',158.55),
('2023-10-24','EUR','JPY',159.26),
('2023-10-23','EUR','JPY',158.91),
('2023-10-20','EUR','JPY',158.8),
('2023-10-19','EUR','JPY',158.21),
('2023-10-18','EUR','JPY',158.1),
('2023-10-17','EUR','JPY',158.03),
('2023-10-16','EUR','JPY',157.54),
('2023-10-13','EUR','JPY',157.44),
('2023-10-12','EUR','JPY',158.35),
('2023-10-11','EUR','JPY',157.87),
('2023-10-10','EUR','JPY',157.71),
('2023-10-09','EUR','JPY',157.06),
('2023-10-06','EUR','JPY',157.47),
('2023-10-05','EUR','JPY',156.71),
('2023-10-04','EUR','JPY',156.48),
('2023-10-03','EUR','JPY',157.01),
('2023-10-02','EUR','JPY',157.67),
('2023-09-29','EUR','JPY',158.1),
('2023-10-31','EUR','GBP',0.87366),
('2023-10-30','EUR','GBP',0.87345),
('2023-10-27','EUR','GBP',0.87023),
('2023-10-26','EUR','GBP',0.8717),
('2023-10-25','EUR','GBP',0.8724),
('2023-10-24','EUR','GBP',0.87025),
('2023-10-23','EUR','GBP',0.87153),
('2023-10-20','EUR','GBP',0.87213),
('2023-10-19','EUR','GBP',0.87098),
('2023-10-18','EUR','GBP',0.8661),
('2023-10-17','EUR','GBP',0.8682),
('2023-10-16','EUR','GBP',0.86545),
('2023-10-13','EUR','GBP',0.86415),
('2023-10-12','EUR','GBP',0.8626),
('2023-10-11','EUR','GBP',0.86265),
('2023-10-10','EUR','GBP',0.8639),
('2023-10-09','EUR','GBP',0.8652),
('2023-10-06','EUR','GBP',0.8651),
('2023-10-05','EUR','GBP',0.86605),
('2023-10-04','EUR','GBP',0.86588),
('2023-10-03','EUR','GBP',0.86775),
('2023-10-02','EUR','GBP',0.86628),
('2023-09-29','EUR','GBP',0.86458),
('2023-10-31','EUR','SEK',11.8275),
('2023-10-30','EUR','SEK',11.806),
('2023-10-27','EUR','SEK',11.8235),
('2023-10-26','EUR','SEK',11.8005),
('2023-10-25','EUR','SEK',11.7715),
('2023-10-24','EUR','SEK',11.7456),
('2023-10-23','EUR','SEK',11.7071),
('2023-10-20','EUR','SEK',11.634),
('2023-10-19','EUR','SEK',11.6155),
('2023-10-18','EUR','SEK',11.5643),
('2023-10-17','EUR','SEK',11.53),
('2023-10-16','EUR','SEK',11.5375),
('2023-10-13','EUR','SEK',11.55),
('2023-10-12','EUR','SEK',11.5435),
('2023-10-11','EUR','SEK',11.5655),
('2023-10-10','EUR','SEK',11.6005),
('2023-10-09','EUR','SEK',11.6085),
('2023-10-06','EUR','SEK',11.6045),
('2023-10-05','EUR','SEK',11.5975),
('2023-10-04','EUR','SEK',11.5855),
('2023-10-03','EUR','SEK',11.6375),
('2023-10-02','EUR','SEK',11.5833),
('2023-09-29','EUR','SEK',11.5325),
('2023-10-31','EUR','CAD',1.4712),
('2023-10-30','EUR','CAD',1.467),
('2023-10-27','EUR','CAD',1.4572),
('2023-10-26','EUR','CAD',1.4565),
('2023-10-25','EUR','CAD',1.4549),
('2023-10-24','EUR','CAD',1.4564),
('2023-10-23','EUR','CAD',1.4542),
('2023-10-20','EUR','CAD',1.4492),
('2023-10-19','EUR','CAD',1.4485),
('2023-10-18','EUR','CAD',1.4425),
('2023-10-17','EUR','CAD',1.4411),
('2023-10-16','EUR','CAD',1.436),
('2023-10-13','EUR','CAD',1.4397),
('2023-10-12','EUR','CAD',1.4435),
('2023-10-11','EUR','CAD',1.4429),
('2023-10-10','EUR','CAD',1.4387),
('2023-10-09','EUR','CAD',1.438),
('2023-10-06','EUR','CAD',1.4492),
('2023-10-05','EUR','CAD',1.4479),
('2023-10-04','EUR','CAD',1.4391),
('2023-10-03','EUR','CAD',1.4365),
('2023-10-02','EUR','CAD',1.4335),
('2023-09-29','EUR','CAD',1.4227)

-- set up prices in two batches (maximum 1000 at a time)
insert into PerfTest.Price values
('2023-09-29',1,'EUR',715.80),
('2023-10-02',1,'EUR',709.69),
('2023-10-03',1,'EUR',709.51),
('2023-10-04',1,'EUR',712.36),
('2023-10-05',1,'EUR',721.02),
('2023-10-06',1,'EUR',728.89),
('2023-10-09',1,'EUR',706.66),
('2023-10-10',1,'EUR',731.79),
('2023-10-11',1,'EUR',688.69),
('2023-10-12',1,'EUR',675.75),
('2023-10-13',1,'EUR',659.83),
('2023-10-16',1,'EUR',666.27),
('2023-10-17',1,'EUR',670.20),
('2023-10-18',1,'EUR',662.83),
('2023-10-19',1,'EUR',665.71),
('2023-10-20',1,'EUR',669.81),
('2023-10-23',1,'EUR',663.12),
('2023-10-24',1,'EUR',680.78),
('2023-10-25',1,'EUR',677.32),
('2023-10-26',1,'EUR',673.58),
('2023-10-27',1,'EUR',659.19),
('2023-10-30',1,'EUR',675.11),
('2023-10-31',1,'EUR',676.64),
('2023-09-29',2,'EUR',390.97),
('2023-10-02',2,'EUR',395.24),
('2023-10-03',2,'EUR',390.22),
('2023-10-04',2,'EUR',391.39),
('2023-10-05',2,'EUR',387.62),
('2023-10-06',2,'EUR',390.77),
('2023-10-09',2,'EUR',388.42),
('2023-10-10',2,'EUR',394.47),
('2023-10-11',2,'EUR',393.98),
('2023-10-12',2,'EUR',392.12),
('2023-10-13',2,'EUR',381.99),
('2023-10-16',2,'EUR',386.88),
('2023-10-17',2,'EUR',388.26),
('2023-10-18',2,'EUR',379.58),
('2023-10-19',2,'EUR',382.45),
('2023-10-20',2,'EUR',383.15),
('2023-10-23',2,'EUR',382.99),
('2023-10-24',2,'EUR',397.97),
('2023-10-25',2,'EUR',398.33),
('2023-10-26',2,'EUR',389.30),
('2023-10-27',2,'EUR',393.21),
('2023-10-30',2,'EUR',393.57),
('2023-10-31',2,'EUR',396.54),
('2023-09-29',3,'EUR',1714.58),
('2023-10-02',3,'EUR',1729.36),
('2023-10-03',3,'EUR',1710.99),
('2023-10-04',3,'EUR',1730.20),
('2023-10-05',3,'EUR',1719.79),
('2023-10-06',3,'EUR',1745.94),
('2023-10-09',3,'EUR',1729.55),
('2023-10-10',3,'EUR',1765.55),
('2023-10-11',3,'EUR',1756.92),
('2023-10-12',3,'EUR',1734.64),
('2023-10-13',3,'EUR',1721.28),
('2023-10-16',3,'EUR',1709.08),
('2023-10-17',3,'EUR',1692.02),
('2023-10-18',3,'EUR',1687.52),
('2023-10-19',3,'EUR',1667.62),
('2023-10-20',3,'EUR',1669.32),
('2023-10-23',3,'EUR',1687.59),
('2023-10-24',3,'EUR',1718.24),
('2023-10-25',3,'EUR',1762.84),
('2023-10-26',3,'EUR',1752.95),
('2023-10-27',3,'EUR',1743.52),
('2023-10-30',3,'EUR',1754.87),
('2023-10-31',3,'EUR',1757.33),
('2023-09-29',4,'EUR',62.02),
('2023-10-02',4,'EUR',61.53),
('2023-10-03',4,'EUR',61.50),
('2023-10-04',4,'EUR',59.92),
('2023-10-05',4,'EUR',59.37),
('2023-10-06',4,'EUR',59.86),
('2023-10-09',4,'EUR',61.44),
('2023-10-10',4,'EUR',62.47),
('2023-10-11',4,'EUR',61.51),
('2023-10-12',4,'EUR',62.17),
('2023-10-13',4,'EUR',63.03),
('2023-10-16',4,'EUR',62.68),
('2023-10-17',4,'EUR',63.45),
('2023-10-18',4,'EUR',63.89),
('2023-10-19',4,'EUR',63.46),
('2023-10-20',4,'EUR',62.33),
('2023-10-23',4,'EUR',62.88),
('2023-10-24',4,'EUR',62.44),
('2023-10-25',4,'EUR',61.61),
('2023-10-26',4,'EUR',62.95),
('2023-10-27',4,'EUR',63.59),
('2023-10-30',4,'EUR',62.38),
('2023-10-31',4,'EUR',63.78),
('2023-09-29',5,'EUR',100.76),
('2023-10-02',5,'EUR',101.43),
('2023-10-03',5,'EUR',101.56),
('2023-10-04',5,'EUR',100.92),
('2023-10-05',5,'EUR',102.31),
('2023-10-06',5,'EUR',101.87),
('2023-10-09',5,'EUR',103.30),
('2023-10-10',5,'EUR',102.37),
('2023-10-11',5,'EUR',103.68),
('2023-10-12',5,'EUR',103.73),
('2023-10-13',5,'EUR',104.05),
('2023-10-16',5,'EUR',104.44),
('2023-10-17',5,'EUR',101.99),
('2023-10-18',5,'EUR',100.92),
('2023-10-19',5,'EUR',99.50),
('2023-10-20',5,'EUR',99.36),
('2023-10-23',5,'EUR',97.71),
('2023-10-24',5,'EUR',99.56),
('2023-10-25',5,'EUR',100.97),
('2023-10-26',5,'EUR',100.60),
('2023-10-27',5,'EUR',80.91),
('2023-10-30',5,'EUR',84.75),
('2023-10-31',5,'EUR',85.26),
('2023-09-29',6,'EUR',125.99),
('2023-10-02',6,'EUR',124.68),
('2023-10-03',6,'EUR',125.42),
('2023-10-04',6,'EUR',122.72),
('2023-10-05',6,'EUR',122.78),
('2023-10-06',6,'EUR',123.85),
('2023-10-09',6,'EUR',122.24),
('2023-10-10',6,'EUR',125.54),
('2023-10-11',6,'EUR',125.69),
('2023-10-12',6,'EUR',124.55),
('2023-10-13',6,'EUR',121.62),
('2023-10-16',6,'EUR',124.02),
('2023-10-17',6,'EUR',126.09),
('2023-10-18',6,'EUR',125.53),
('2023-10-19',6,'EUR',123.87),
('2023-10-20',6,'EUR',121.28),
('2023-10-23',6,'EUR',122.69),
('2023-10-24',6,'EUR',125.04),
('2023-10-25',6,'EUR',126.11),
('2023-10-26',6,'EUR',125.66),
('2023-10-27',6,'EUR',123.98),
('2023-10-30',6,'EUR',126.20),
('2023-10-31',6,'EUR',125.87),
('2023-09-29',7,'EUR',158.50),
('2023-10-02',7,'EUR',157.35),
('2023-10-03',7,'EUR',155.90),
('2023-10-04',7,'EUR',156.90),
('2023-10-05',7,'EUR',156.81),
('2023-10-06',7,'EUR',156.52),
('2023-10-09',7,'EUR',158.92),
('2023-10-10',7,'EUR',161.03),
('2023-10-11',7,'EUR',164.46),
('2023-10-12',7,'EUR',162.48),
('2023-10-13',7,'EUR',160.96),
('2023-10-16',7,'EUR',160.80),
('2023-10-17',7,'EUR',159.73),
('2023-10-18',7,'EUR',158.03),
('2023-10-19',7,'EUR',157.43),
('2023-10-20',7,'EUR',151.21),
('2023-10-23',7,'EUR',154.40),
('2023-10-24',7,'EUR',153.10),
('2023-10-25',7,'EUR',158.13),
('2023-10-26',7,'EUR',159.41),
('2023-10-27',7,'EUR',158.86),
('2023-10-30',7,'EUR',159.04),
('2023-10-31',7,'EUR',161.08),
('2023-09-29',8,'EUR',157.08),
('2023-10-02',8,'EUR',156.25),
('2023-10-03',8,'EUR',155.76),
('2023-10-04',8,'EUR',152.39),
('2023-10-05',8,'EUR',155.13),
('2023-10-06',8,'EUR',154.64),
('2023-10-09',8,'EUR',152.26),
('2023-10-10',8,'EUR',156.05),
('2023-10-11',8,'EUR',156.81),
('2023-10-12',8,'EUR',155.17),
('2023-10-13',8,'EUR',152.81),
('2023-10-16',8,'EUR',151.43),
('2023-10-17',8,'EUR',151.59),
('2023-10-18',8,'EUR',146.21),
('2023-10-19',8,'EUR',145.52),
('2023-10-20',8,'EUR',142.01),
('2023-10-23',8,'EUR',142.75),
('2023-10-24',8,'EUR',139.02),
('2023-10-25',8,'EUR',139.54),
('2023-10-26',8,'EUR',140.13),
('2023-10-27',8,'EUR',143.47),
('2023-10-30',8,'EUR',141.93),
('2023-10-31',8,'EUR',145.74),
('2023-09-29',9,'EUR',164.39),
('2023-10-02',9,'EUR',163.85),
('2023-10-03',9,'EUR',163.06),
('2023-10-04',9,'EUR',163.43),
('2023-10-05',9,'EUR',161.80),
('2023-10-06',9,'EUR',164.01),
('2023-10-09',9,'EUR',164.23),
('2023-10-10',9,'EUR',165.62),
('2023-10-11',9,'EUR',166.19),
('2023-10-12',9,'EUR',164.84),
('2023-10-13',9,'EUR',165.20),
('2023-10-16',9,'EUR',164.39),
('2023-10-17',9,'EUR',165.71),
('2023-10-18',9,'EUR',162.56),
('2023-10-19',9,'EUR',162.82),
('2023-10-20',9,'EUR',162.12),
('2023-10-23',9,'EUR',163.86),
('2023-10-24',9,'EUR',168.05),
('2023-10-25',9,'EUR',166.95),
('2023-10-26',9,'EUR',164.38),
('2023-10-27',9,'EUR',167.79),
('2023-10-30',9,'EUR',167.75),
('2023-10-31',9,'EUR',169.09),
('2023-09-29',10,'EUR',59.95),
('2023-10-02',10,'EUR',59.97),
('2023-10-03',10,'EUR',58.29),
('2023-10-04',10,'EUR',58.55),
('2023-10-05',10,'EUR',58.66),
('2023-10-06',10,'EUR',59.72),
('2023-10-09',10,'EUR',59.60),
('2023-10-10',10,'EUR',59.51),
('2023-10-11',10,'EUR',60.71),
('2023-10-12',10,'EUR',58.85),
('2023-10-13',10,'EUR',57.44),
('2023-10-16',10,'EUR',57.26),
('2023-10-17',10,'EUR',57.60),
('2023-10-18',10,'EUR',57.54),
('2023-10-19',10,'EUR',57.11),
('2023-10-20',10,'EUR',55.26),
('2023-10-23',10,'EUR',56.63),
('2023-10-24',10,'EUR',55.61),
('2023-10-25',10,'EUR',55.85),
('2023-10-26',10,'EUR',55.16),
('2023-10-27',10,'EUR',54.30),
('2023-10-30',10,'EUR',53.52),
('2023-10-31',10,'EUR',54.01),
('2023-09-29',11,'EUR',123.71),
('2023-10-02',11,'EUR',122.86),
('2023-10-03',11,'EUR',122.17),
('2023-10-04',11,'EUR',123.03),
('2023-10-05',11,'EUR',122.02),
('2023-10-06',11,'EUR',123.31),
('2023-10-09',11,'EUR',122.17),
('2023-10-10',11,'EUR',125.15),
('2023-10-11',11,'EUR',125.26),
('2023-10-12',11,'EUR',125.43),
('2023-10-13',11,'EUR',121.80),
('2023-10-16',11,'EUR',123.86),
('2023-10-17',11,'EUR',123.85),
('2023-10-18',11,'EUR',121.51),
('2023-10-19',11,'EUR',126.85),
('2023-10-20',11,'EUR',122.77),
('2023-10-23',11,'EUR',124.39),
('2023-10-24',11,'EUR',125.50),
('2023-10-25',11,'EUR',124.07),
('2023-10-26',11,'EUR',124.46),
('2023-10-27',11,'EUR',124.31),
('2023-10-30',11,'EUR',124.65),
('2023-10-31',11,'EUR',126.75),
('2023-09-29',12,'EUR',19.91),
('2023-10-02',12,'EUR',20.09),
('2023-10-03',12,'EUR',19.73),
('2023-10-04',12,'EUR',19.54),
('2023-10-05',12,'EUR',19.79),
('2023-10-06',12,'EUR',20.29),
('2023-10-09',12,'EUR',20.43),
('2023-10-10',12,'EUR',20.30),
('2023-10-11',12,'EUR',20.44),
('2023-10-12',12,'EUR',20.39),
('2023-10-13',12,'EUR',20.45),
('2023-10-16',12,'EUR',20.35),
('2023-10-17',12,'EUR',20.30),
('2023-10-18',12,'EUR',20.36),
('2023-10-19',12,'EUR',20.34),
('2023-10-20',12,'EUR',20.33),
('2023-10-23',12,'EUR',20.25),
('2023-10-24',12,'EUR',20.36),
('2023-10-25',12,'EUR',20.36),
('2023-10-26',12,'EUR',20.31),
('2023-10-27',12,'EUR',20.55),
('2023-10-30',12,'EUR',20.48),
('2023-10-31',12,'EUR',20.49),
('2023-09-29',13,'EUR',135.90),
('2023-10-02',13,'EUR',135.20),
('2023-10-03',13,'EUR',133.26),
('2023-10-04',13,'EUR',132.43),
('2023-10-05',13,'EUR',132.51),
('2023-10-06',13,'EUR',134.93),
('2023-10-09',13,'EUR',132.99),
('2023-10-10',13,'EUR',137.52),
('2023-10-11',13,'EUR',138.46),
('2023-10-12',13,'EUR',137.94),
('2023-10-13',13,'EUR',132.24),
('2023-10-16',13,'EUR',133.91),
('2023-10-17',13,'EUR',133.73),
('2023-10-18',13,'EUR',131.37),
('2023-10-19',13,'EUR',129.23),
('2023-10-20',13,'EUR',128.31),
('2023-10-23',13,'EUR',128.96),
('2023-10-24',13,'EUR',128.43),
('2023-10-25',13,'EUR',126.02),
('2023-10-26',13,'EUR',122.15),
('2023-10-27',13,'EUR',121.38),
('2023-10-30',13,'EUR',124.09),
('2023-10-31',13,'EUR',125.78),
('2023-09-29',14,'EUR',225.49),
('2023-10-02',14,'EUR',223.65),
('2023-10-03',14,'EUR',220.43),
('2023-10-04',14,'EUR',221.83),
('2023-10-05',14,'EUR',220.12),
('2023-10-06',14,'EUR',223.32),
('2023-10-09',14,'EUR',224.37),
('2023-10-10',14,'EUR',225.51),
('2023-10-11',14,'EUR',226.85),
('2023-10-12',14,'EUR',226.43),
('2023-10-13',14,'EUR',224.46),
('2023-10-16',14,'EUR',224.39),
('2023-10-17',14,'EUR',226.23),
('2023-10-18',14,'EUR',221.51),
('2023-10-19',14,'EUR',221.03),
('2023-10-20',14,'EUR',218.64),
('2023-10-23',14,'EUR',219.28),
('2023-10-24',14,'EUR',216.00),
('2023-10-25',14,'EUR',221.86),
('2023-10-26',14,'EUR',217.44),
('2023-10-27',14,'EUR',219.38),
('2023-10-30',14,'EUR',220.91),
('2023-10-31',14,'EUR',218.69),
('2023-09-29',15,'EUR',66.04),
('2023-10-02',15,'EUR',65.95),
('2023-10-03',15,'EUR',65.33),
('2023-10-04',15,'EUR',64.92),
('2023-10-05',15,'EUR',64.84),
('2023-10-06',15,'EUR',63.61),
('2023-10-09',15,'EUR',63.38),
('2023-10-10',15,'EUR',64.16),
('2023-10-11',15,'EUR',65.25),
('2023-10-12',15,'EUR',65.31),
('2023-10-13',15,'EUR',64.89),
('2023-10-16',15,'EUR',65.17),
('2023-10-17',15,'EUR',65.14),
('2023-10-18',15,'EUR',64.38),
('2023-10-19',15,'EUR',62.96),
('2023-10-20',15,'EUR',62.33),
('2023-10-23',15,'EUR',61.83),
('2023-10-24',15,'EUR',61.53),
('2023-10-25',15,'EUR',61.15),
('2023-10-26',15,'EUR',57.62),
('2023-10-27',15,'EUR',55.96),
('2023-10-30',15,'EUR',55.60),
('2023-10-31',15,'EUR',55.39),
('2023-09-29',16,'EUR',96.50),
('2023-10-02',16,'EUR',96.52),
('2023-10-03',16,'EUR',95.44),
('2023-10-04',16,'EUR',94.53),
('2023-10-05',16,'EUR',95.23),
('2023-10-06',16,'EUR',96.37),
('2023-10-09',16,'EUR',94.67),
('2023-10-10',16,'EUR',97.92),
('2023-10-11',16,'EUR',99.30),
('2023-10-12',16,'EUR',97.85),
('2023-10-13',16,'EUR',97.11),
('2023-10-16',16,'EUR',98.45),
('2023-10-17',16,'EUR',97.35),
('2023-10-18',16,'EUR',98.79),
('2023-10-19',16,'EUR',95.03),
('2023-10-20',16,'EUR',93.10),
('2023-10-23',16,'EUR',93.84),
('2023-10-24',16,'EUR',91.91),
('2023-10-25',16,'EUR',90.58),
('2023-10-26',16,'EUR',88.65),
('2023-10-27',16,'EUR',88.76),
('2023-10-30',16,'EUR',87.36),
('2023-10-31',16,'EUR',87.54),
('2023-09-29',17,'EUR',48.02),
('2023-10-02',17,'EUR',48.25),
('2023-10-03',17,'EUR',47.45),
('2023-10-04',17,'EUR',47.99),
('2023-10-05',17,'EUR',47.92),
('2023-10-06',17,'EUR',47.00),
('2023-10-09',17,'EUR',46.58),
('2023-10-10',17,'EUR',48.52),
('2023-10-11',17,'EUR',48.22),
('2023-10-12',17,'EUR',47.98),
('2023-10-13',17,'EUR',47.80),
('2023-10-16',17,'EUR',48.04),
('2023-10-17',17,'EUR',47.98),
('2023-10-18',17,'EUR',47.17),
('2023-10-19',17,'EUR',45.83),
('2023-10-20',17,'EUR',46.29),
('2023-10-23',17,'EUR',47.29),
('2023-10-24',17,'EUR',47.54),
('2023-10-25',17,'EUR',47.88),
('2023-10-26',17,'EUR',46.30),
('2023-10-27',17,'EUR',46.25),
('2023-10-30',17,'EUR',45.74),
('2023-10-31',17,'EUR',46.33),
('2023-09-29',18,'EUR',366.71),
('2023-10-02',18,'EUR',366.87),
('2023-10-03',18,'EUR',367.13),
('2023-10-04',18,'EUR',371.87),
('2023-10-05',18,'EUR',367.20),
('2023-10-06',18,'EUR',375.87),
('2023-10-09',18,'EUR',370.53),
('2023-10-10',18,'EUR',374.90),
('2023-10-11',18,'EUR',381.39),
('2023-10-12',18,'EUR',381.25),
('2023-10-13',18,'EUR',381.45),
('2023-10-16',18,'EUR',375.90),
('2023-10-17',18,'EUR',380.89),
('2023-10-18',18,'EUR',376.34),
('2023-10-19',18,'EUR',374.65),
('2023-10-20',18,'EUR',372.43),
('2023-10-23',18,'EUR',370.90),
('2023-10-24',18,'EUR',371.48),
('2023-10-25',18,'EUR',381.53),
('2023-10-26',18,'EUR',378.89),
('2023-10-27',18,'EUR',373.30),
('2023-10-30',18,'EUR',376.58),
('2023-10-31',18,'EUR',382.24),
('2023-09-29',19,'EUR',38.66),
('2023-10-02',19,'EUR',38.15),
('2023-10-03',19,'EUR',37.67),
('2023-10-04',19,'EUR',38.10),
('2023-10-05',19,'EUR',38.36),
('2023-10-06',19,'EUR',38.86),
('2023-10-09',19,'EUR',38.15),
('2023-10-10',19,'EUR',39.12),
('2023-10-11',19,'EUR',38.69),
('2023-10-12',19,'EUR',39.06),
('2023-10-13',19,'EUR',39.13),
('2023-10-16',19,'EUR',38.90),
('2023-10-17',19,'EUR',39.04),
('2023-10-18',19,'EUR',38.25),
('2023-10-19',19,'EUR',37.57),
('2023-10-20',19,'EUR',37.29),
('2023-10-23',19,'EUR',37.56),
('2023-10-24',19,'EUR',37.53),
('2023-10-25',19,'EUR',36.71),
('2023-10-26',19,'EUR',36.39),
('2023-10-27',19,'EUR',36.83),
('2023-10-30',19,'EUR',36.96),
('2023-10-31',19,'EUR',36.53),
('2023-09-29',20,'EUR',45.57),
('2023-10-02',20,'EUR',44.65),
('2023-10-03',20,'EUR',43.67),
('2023-10-04',20,'EUR',44.19),
('2023-10-05',20,'EUR',43.67),
('2023-10-06',20,'EUR',44.06),
('2023-10-09',20,'EUR',43.02),
('2023-10-10',20,'EUR',44.61),
('2023-10-11',20,'EUR',44.46),
('2023-10-12',20,'EUR',43.96),
('2023-10-13',20,'EUR',43.93),
('2023-10-16',20,'EUR',43.34),
('2023-10-17',20,'EUR',42.94),
('2023-10-18',20,'EUR',42.45),
('2023-10-19',20,'EUR',42.13),
('2023-10-20',20,'EUR',41.22),
('2023-10-23',20,'EUR',41.10),
('2023-10-24',20,'EUR',40.98),
('2023-10-25',20,'EUR',41.15),
('2023-10-26',20,'EUR',40.83),
('2023-10-27',20,'EUR',40.87),
('2023-10-30',20,'EUR',40.54),
('2023-10-31',20,'EUR',40.90),
('2023-09-29',21,'JPY',2668.83),
('2023-10-02',21,'JPY',2666.26),
('2023-10-03',21,'JPY',2598.84),
('2023-10-04',21,'JPY',2472.54),
('2023-10-05',21,'JPY',2569.87),
('2023-10-06',21,'JPY',2571.82),
('2023-10-09',21,'JPY',2568.03),
('2023-10-10',21,'JPY',2650.55),
('2023-10-11',21,'JPY',2633.16),
('2023-10-12',21,'JPY',2740.77),
('2023-10-13',21,'JPY',2686.38),
('2023-10-16',21,'JPY',2678.71),
('2023-10-17',21,'JPY',2701.53),
('2023-10-18',21,'JPY',2649.45),
('2023-10-19',21,'JPY',2667.33),
('2023-10-20',21,'JPY',2624.95),
('2023-10-23',21,'JPY',2601.03),
('2023-10-24',21,'JPY',2586.03),
('2023-10-25',21,'JPY',2614.26),
('2023-10-26',21,'JPY',2571.83),
('2023-10-27',21,'JPY',2648.81),
('2023-10-30',21,'JPY',2593.02),
('2023-10-31',21,'JPY',2576.51),
('2023-09-29',22,'JPY',175.82),
('2023-10-02',22,'JPY',175.57),
('2023-10-03',22,'JPY',174.89),
('2023-10-04',22,'JPY',172.43),
('2023-10-05',22,'JPY',175.45),
('2023-10-06',22,'JPY',171.69),
('2023-10-09',22,'JPY',172.84),
('2023-10-10',22,'JPY',176.98),
('2023-10-11',22,'JPY',176.79),
('2023-10-12',22,'JPY',176.92),
('2023-10-13',22,'JPY',177.14),
('2023-10-16',22,'JPY',173.40),
('2023-10-17',22,'JPY',174.41),
('2023-10-18',22,'JPY',171.90),
('2023-10-19',22,'JPY',171.90),
('2023-10-20',22,'JPY',173.79),
('2023-10-23',22,'JPY',171.75),
('2023-10-24',22,'JPY',173.97),
('2023-10-25',22,'JPY',176.49),
('2023-10-26',22,'JPY',171.83),
('2023-10-27',22,'JPY',173.99),
('2023-10-30',22,'JPY',172.46),
('2023-10-31',22,'JPY',175.61),
('2023-09-29',23,'JPY',1259.71),
('2023-10-02',23,'JPY',1282.70),
('2023-10-03',23,'JPY',1265.47),
('2023-10-04',23,'JPY',1213.70),
('2023-10-05',23,'JPY',1254.68),
('2023-10-06',23,'JPY',1243.79),
('2023-10-09',23,'JPY',1239.37),
('2023-10-10',23,'JPY',1267.65),
('2023-10-11',23,'JPY',1262.46),
('2023-10-12',23,'JPY',1265.83),
('2023-10-13',23,'JPY',1231.66),
('2023-10-16',23,'JPY',1241.47),
('2023-10-17',23,'JPY',1245.45),
('2023-10-18',23,'JPY',1265.96),
('2023-10-19',23,'JPY',1248.22),
('2023-10-20',23,'JPY',1243.87),
('2023-10-23',23,'JPY',1223.86),
('2023-10-24',23,'JPY',1207.29),
('2023-10-25',23,'JPY',1239.81),
('2023-10-26',23,'JPY',1233.52),
('2023-10-27',23,'JPY',1249.27),
('2023-10-30',23,'JPY',1228.41),
('2023-10-31',23,'JPY',1255.83),
('2023-09-29',24,'JPY',12355.84),
('2023-10-02',24,'JPY',12223.55),
('2023-10-03',24,'JPY',12185.88),
('2023-10-04',24,'JPY',12229.54),
('2023-10-05',24,'JPY',12263.93),
('2023-10-06',24,'JPY',12368.95),
('2023-10-09',24,'JPY',12297.87),
('2023-10-10',24,'JPY',12532.95),
('2023-10-11',24,'JPY',12702.95),
('2023-10-12',24,'JPY',13152.16),
('2023-10-13',24,'JPY',12931.88),
('2023-10-16',24,'JPY',12600.14),
('2023-10-17',24,'JPY',12741.05),
('2023-10-18',24,'JPY',12806.11),
('2023-10-19',24,'JPY',12723.25),
('2023-10-20',24,'JPY',12560.88),
('2023-10-23',24,'JPY',12500.55),
('2023-10-24',24,'JPY',12486.16),
('2023-10-25',24,'JPY',12498.13),
('2023-10-26',24,'JPY',12280.70),
('2023-10-27',24,'JPY',12023.09),
('2023-10-30',24,'JPY',12288.87),
('2023-10-31',24,'JPY',12350.39),
('2023-09-29',25,'JPY',55335.71),
('2023-10-02',25,'JPY',55114.75),
('2023-10-03',25,'JPY',54650.84),
('2023-10-04',25,'JPY',54838.71),
('2023-10-05',25,'JPY',55248.50),
('2023-10-06',25,'JPY',55119.33),
('2023-10-09',25,'JPY',54919.40),
('2023-10-10',25,'JPY',55757.26),
('2023-10-11',25,'JPY',55468.64),
('2023-10-12',25,'JPY',56681.95),
('2023-10-13',25,'JPY',57030.27),
('2023-10-16',25,'JPY',55491.52),
('2023-10-17',25,'JPY',56298.40),
('2023-10-18',25,'JPY',56962.90),
('2023-10-19',25,'JPY',55690.05),
('2023-10-20',25,'JPY',54107.12),
('2023-10-23',25,'JPY',53286.43),
('2023-10-24',25,'JPY',53013.97),
('2023-10-25',25,'JPY',53474.62),
('2023-10-26',25,'JPY',51907.01),
('2023-10-27',25,'JPY',52681.18),
('2023-10-30',25,'JPY',57041.69),
('2023-10-31',25,'JPY',58057.23),
('2023-09-29',26,'JPY',32368.92),
('2023-10-02',26,'JPY',32479.57),
('2023-10-03',26,'JPY',32125.46),
('2023-10-04',26,'JPY',31305.51),
('2023-10-05',26,'JPY',31510.84),
('2023-10-06',26,'JPY',31236.56),
('2023-10-09',26,'JPY',31365.95),
('2023-10-10',26,'JPY',32617.34),
('2023-10-11',26,'JPY',33117.33),
('2023-10-12',26,'JPY',34026.36),
('2023-10-13',26,'JPY',35622.87),
('2023-10-16',26,'JPY',34703.60),
('2023-10-17',26,'JPY',35028.61),
('2023-10-18',26,'JPY',35075.73),
('2023-10-19',26,'JPY',34233.76),
('2023-10-20',26,'JPY',33946.81),
('2023-10-23',26,'JPY',33592.99),
('2023-10-24',26,'JPY',34000.80),
('2023-10-25',26,'JPY',34348.48),
('2023-10-26',26,'JPY',32844.19),
('2023-10-27',26,'JPY',33223.68),
('2023-10-30',26,'JPY',33041.20),
('2023-10-31',26,'JPY',33005.80),
('2023-09-29',27,'JPY',4606.30),
('2023-10-02',27,'JPY',4470.22),
('2023-10-03',27,'JPY',4489.05),
('2023-10-04',27,'JPY',4427.32),
('2023-10-05',27,'JPY',4510.53),
('2023-10-06',27,'JPY',4499.52),
('2023-10-09',27,'JPY',4527.03),
('2023-10-10',27,'JPY',4598.92),
('2023-10-11',27,'JPY',4596.90),
('2023-10-12',27,'JPY',4515.75),
('2023-10-13',27,'JPY',4509.58),
('2023-10-16',27,'JPY',4420.01),
('2023-10-17',27,'JPY',4479.88),
('2023-10-18',27,'JPY',4502.28),
('2023-10-19',27,'JPY',4480.32),
('2023-10-20',27,'JPY',4415.12),
('2023-10-23',27,'JPY',4470.33),
('2023-10-24',27,'JPY',4488.06),
('2023-10-25',27,'JPY',4532.97),
('2023-10-26',27,'JPY',4443.70),
('2023-10-27',27,'JPY',4490.72),
('2023-10-30',27,'JPY',4436.35),
('2023-10-31',27,'JPY',4502.26),
('2023-09-29',28,'JPY',7189.71),
('2023-10-02',28,'JPY',7171.60),
('2023-10-03',28,'JPY',6965.63),
('2023-10-04',28,'JPY',6704.25),
('2023-10-05',28,'JPY',6751.54),
('2023-10-06',28,'JPY',6801.79),
('2023-10-09',28,'JPY',6861.11),
('2023-10-10',28,'JPY',7189.35),
('2023-10-11',28,'JPY',7106.61),
('2023-10-12',28,'JPY',7242.05),
('2023-10-13',28,'JPY',7182.51),
('2023-10-16',28,'JPY',7165.38),
('2023-10-17',28,'JPY',7117.44),
('2023-10-18',28,'JPY',7066.90),
('2023-10-19',28,'JPY',6870.41),
('2023-10-20',28,'JPY',6933.93),
('2023-10-23',28,'JPY',6837.92),
('2023-10-24',28,'JPY',6881.98),
('2023-10-25',28,'JPY',7012.40),
('2023-10-26',28,'JPY',6974.49),
('2023-10-27',28,'JPY',7061.05),
('2023-10-30',28,'JPY',6978.64),
('2023-10-31',28,'JPY',6890.73),
('2023-09-29',29,'JPY',7342.54),
('2023-10-02',29,'JPY',7398.24),
('2023-10-03',29,'JPY',7331.21),
('2023-10-04',29,'JPY',7133.66),
('2023-10-05',29,'JPY',7337.90),
('2023-10-06',29,'JPY',7292.31),
('2023-10-09',29,'JPY',7308.26),
('2023-10-10',29,'JPY',7463.74),
('2023-10-11',29,'JPY',7436.73),
('2023-10-12',29,'JPY',7443.49),
('2023-10-13',29,'JPY',7323.75),
('2023-10-16',29,'JPY',7324.04),
('2023-10-17',29,'JPY',7323.67),
('2023-10-18',29,'JPY',7445.08),
('2023-10-19',29,'JPY',7264.63),
('2023-10-20',29,'JPY',7167.87),
('2023-10-23',29,'JPY',7175.93),
('2023-10-24',29,'JPY',7157.64),
('2023-10-25',29,'JPY',7218.90),
('2023-10-26',29,'JPY',7073.52),
('2023-10-27',29,'JPY',7238.57),
('2023-10-30',29,'JPY',7109.39),
('2023-10-31',29,'JPY',7173.84),
('2023-09-29',30,'JPY',20469.42),
('2023-10-02',30,'JPY',20033.58),
('2023-10-03',30,'JPY',19850.67),
('2023-10-04',30,'JPY',19461.24),
('2023-10-05',30,'JPY',19780.88),
('2023-10-06',30,'JPY',19483.89),
('2023-10-09',30,'JPY',19570.69),
('2023-10-10',30,'JPY',20259.41),
('2023-10-11',30,'JPY',20669.77),
('2023-10-12',30,'JPY',21357.61),
('2023-10-13',30,'JPY',21160.96),
('2023-10-16',30,'JPY',20519.32),
('2023-10-17',30,'JPY',20857.82),
('2023-10-18',30,'JPY',21228.14),
('2023-10-19',30,'JPY',20165.62),
('2023-10-20',30,'JPY',19968.64),
('2023-10-23',30,'JPY',19882.49),
('2023-10-24',30,'JPY',20101.77),
('2023-10-25',30,'JPY',20167.15),
('2023-10-26',30,'JPY',19186.50),
('2023-10-27',30,'JPY',19732.37),
('2023-10-30',30,'JPY',19754.77),
('2023-10-31',30,'JPY',19750.85)

-- set up prices in two batches (maximum 1000 at a time)
insert into PerfTest.Price values
('2023-09-29',31,'GBP',25.84),
('2023-10-02',31,'GBP',25.58),
('2023-10-03',31,'GBP',25.87),
('2023-10-04',31,'GBP',25.39),
('2023-10-05',31,'GBP',25.31),
('2023-10-06',31,'GBP',25.78),
('2023-10-09',31,'GBP',26.68),
('2023-10-10',31,'GBP',26.62),
('2023-10-11',31,'GBP',26.48),
('2023-10-12',31,'GBP',26.71),
('2023-10-13',31,'GBP',27.19),
('2023-10-16',31,'GBP',27.53),
('2023-10-17',31,'GBP',27.52),
('2023-10-18',31,'GBP',27.60),
('2023-10-19',31,'GBP',27.67),
('2023-10-20',31,'GBP',27.23),
('2023-10-23',31,'GBP',27.52),
('2023-10-24',31,'GBP',27.38),
('2023-10-25',31,'GBP',27.12),
('2023-10-26',31,'GBP',26.77),
('2023-10-27',31,'GBP',26.95),
('2023-10-30',31,'GBP',27.01),
('2023-10-31',31,'GBP',26.38),
('2023-09-29',32,'GBP',110.61),
('2023-10-02',32,'GBP',108.47),
('2023-10-03',32,'GBP',110.02),
('2023-10-04',32,'GBP',108.41),
('2023-10-05',32,'GBP',109.51),
('2023-10-06',32,'GBP',110.07),
('2023-10-09',32,'GBP',107.93),
('2023-10-10',32,'GBP',109.08),
('2023-10-11',32,'GBP',109.26),
('2023-10-12',32,'GBP',110.72),
('2023-10-13',32,'GBP',110.05),
('2023-10-16',32,'GBP',109.71),
('2023-10-17',32,'GBP',112.65),
('2023-10-18',32,'GBP',107.14),
('2023-10-19',32,'GBP',104.79),
('2023-10-20',32,'GBP',103.54),
('2023-10-23',32,'GBP',100.73),
('2023-10-24',32,'GBP',103.69),
('2023-10-25',32,'GBP',105.17),
('2023-10-26',32,'GBP',104.82),
('2023-10-27',32,'GBP',102.20),
('2023-10-30',32,'GBP',101.94),
('2023-10-31',32,'GBP',103.14),
('2023-09-29',33,'GBP',6.49),
('2023-10-02',33,'GBP',6.35),
('2023-10-03',33,'GBP',6.40),
('2023-10-04',33,'GBP',6.45),
('2023-10-05',33,'GBP',6.49),
('2023-10-06',33,'GBP',6.58),
('2023-10-09',33,'GBP',6.46),
('2023-10-10',33,'GBP',6.61),
('2023-10-11',33,'GBP',6.61),
('2023-10-12',33,'GBP',6.54),
('2023-10-13',33,'GBP',6.47),
('2023-10-16',33,'GBP',6.50),
('2023-10-17',33,'GBP',6.51),
('2023-10-18',33,'GBP',6.50),
('2023-10-19',33,'GBP',6.37),
('2023-10-20',33,'GBP',6.12),
('2023-10-23',33,'GBP',6.12),
('2023-10-24',33,'GBP',6.09),
('2023-10-25',33,'GBP',6.11),
('2023-10-26',33,'GBP',6.15),
('2023-10-27',33,'GBP',5.99),
('2023-10-30',33,'GBP',5.91),
('2023-10-31',33,'GBP',5.90),
('2023-09-29',34,'GBP',40.29),
('2023-10-02',34,'GBP',40.38),
('2023-10-03',34,'GBP',40.63),
('2023-10-04',34,'GBP',40.00),
('2023-10-05',34,'GBP',39.94),
('2023-10-06',34,'GBP',39.08),
('2023-10-09',34,'GBP',38.88),
('2023-10-10',34,'GBP',39.36),
('2023-10-11',34,'GBP',39.10),
('2023-10-12',34,'GBP',39.25),
('2023-10-13',34,'GBP',39.34),
('2023-10-16',34,'GBP',39.39),
('2023-10-17',34,'GBP',39.79),
('2023-10-18',34,'GBP',39.60),
('2023-10-19',34,'GBP',39.63),
('2023-10-20',34,'GBP',39.94),
('2023-10-23',34,'GBP',39.68),
('2023-10-24',34,'GBP',39.67),
('2023-10-25',34,'GBP',40.25),
('2023-10-26',34,'GBP',38.77),
('2023-10-27',34,'GBP',37.83),
('2023-10-30',34,'GBP',38.35),
('2023-10-31',34,'GBP',38.54),
('2023-09-29',35,'GBP',5.31),
('2023-10-02',35,'GBP',5.21),
('2023-10-03',35,'GBP',5.16),
('2023-10-04',35,'GBP',4.97),
('2023-10-05',35,'GBP',5.02),
('2023-10-06',35,'GBP',5.04),
('2023-10-09',35,'GBP',5.18),
('2023-10-10',35,'GBP',5.27),
('2023-10-11',35,'GBP',5.25),
('2023-10-12',35,'GBP',5.35),
('2023-10-13',35,'GBP',5.45),
('2023-10-16',35,'GBP',5.51),
('2023-10-17',35,'GBP',5.59),
('2023-10-18',35,'GBP',5.57),
('2023-10-19',35,'GBP',5.57),
('2023-10-20',35,'GBP',5.49),
('2023-10-23',35,'GBP',5.27),
('2023-10-24',35,'GBP',5.38),
('2023-10-25',35,'GBP',5.32),
('2023-10-26',35,'GBP',5.32),
('2023-10-27',35,'GBP',5.30),
('2023-10-30',35,'GBP',5.26),
('2023-10-31',35,'GBP',5.03),
('2023-09-29',36,'GBP',30.46),
('2023-10-02',36,'GBP',30.38),
('2023-10-03',36,'GBP',29.93),
('2023-10-04',36,'GBP',30.12),
('2023-10-05',36,'GBP',30.77),
('2023-10-06',36,'GBP',30.72),
('2023-10-09',36,'GBP',30.64),
('2023-10-10',36,'GBP',31.24),
('2023-10-11',36,'GBP',31.16),
('2023-10-12',36,'GBP',31.07),
('2023-10-13',36,'GBP',30.25),
('2023-10-16',36,'GBP',30.91),
('2023-10-17',36,'GBP',30.94),
('2023-10-18',36,'GBP',30.79),
('2023-10-19',36,'GBP',31.36),
('2023-10-20',36,'GBP',30.98),
('2023-10-23',36,'GBP',30.98),
('2023-10-24',36,'GBP',31.15),
('2023-10-25',36,'GBP',31.53),
('2023-10-26',36,'GBP',30.91),
('2023-10-27',36,'GBP',29.96),
('2023-10-30',36,'GBP',30.78),
('2023-10-31',36,'GBP',31.08),
('2023-09-29',37,'GBP',51.97),
('2023-10-02',37,'GBP',51.28),
('2023-10-03',37,'GBP',50.65),
('2023-10-04',37,'GBP',49.61),
('2023-10-05',37,'GBP',49.91),
('2023-10-06',37,'GBP',49.60),
('2023-10-09',37,'GBP',49.48),
('2023-10-10',37,'GBP',51.07),
('2023-10-11',37,'GBP',50.12),
('2023-10-12',37,'GBP',51.18),
('2023-10-13',37,'GBP',50.81),
('2023-10-16',37,'GBP',52.26),
('2023-10-17',37,'GBP',52.07),
('2023-10-18',37,'GBP',51.16),
('2023-10-19',37,'GBP',50.75),
('2023-10-20',37,'GBP',48.92),
('2023-10-23',37,'GBP',49.38),
('2023-10-24',37,'GBP',50.83),
('2023-10-25',37,'GBP',52.05),
('2023-10-26',37,'GBP',51.94),
('2023-10-27',37,'GBP',51.57),
('2023-10-30',37,'GBP',51.90),
('2023-10-31',37,'GBP',52.84),
('2023-09-29',38,'GBP',15.03),
('2023-10-02',38,'GBP',14.72),
('2023-10-03',38,'GBP',14.72),
('2023-10-04',38,'GBP',14.96),
('2023-10-05',38,'GBP',14.87),
('2023-10-06',38,'GBP',15.00),
('2023-10-09',38,'GBP',15.00),
('2023-10-10',38,'GBP',15.36),
('2023-10-11',38,'GBP',15.27),
('2023-10-12',38,'GBP',15.23),
('2023-10-13',38,'GBP',15.13),
('2023-10-16',38,'GBP',14.80),
('2023-10-17',38,'GBP',14.97),
('2023-10-18',38,'GBP',14.83),
('2023-10-19',38,'GBP',14.49),
('2023-10-20',38,'GBP',14.53),
('2023-10-23',38,'GBP',14.65),
('2023-10-24',38,'GBP',14.76),
('2023-10-25',38,'GBP',14.71),
('2023-10-26',38,'GBP',14.73),
('2023-10-27',38,'GBP',14.21),
('2023-10-30',38,'GBP',14.57),
('2023-10-31',38,'GBP',14.51),
('2023-09-29',39,'GBP',25.65),
('2023-10-02',39,'GBP',25.14),
('2023-10-03',39,'GBP',25.15),
('2023-10-04',39,'GBP',24.67),
('2023-10-05',39,'GBP',25.17),
('2023-10-06',39,'GBP',25.03),
('2023-10-09',39,'GBP',25.15),
('2023-10-10',39,'GBP',25.19),
('2023-10-11',39,'GBP',25.38),
('2023-10-12',39,'GBP',25.48),
('2023-10-13',39,'GBP',24.44),
('2023-10-16',39,'GBP',24.81),
('2023-10-17',39,'GBP',24.73),
('2023-10-18',39,'GBP',25.19),
('2023-10-19',39,'GBP',25.01),
('2023-10-20',39,'GBP',24.43),
('2023-10-23',39,'GBP',24.63),
('2023-10-24',39,'GBP',24.53),
('2023-10-25',39,'GBP',24.72),
('2023-10-26',39,'GBP',24.37),
('2023-10-27',39,'GBP',23.80),
('2023-10-30',39,'GBP',24.68),
('2023-10-31',39,'GBP',24.52),
('2023-09-29',40,'GBP',27.57),
('2023-10-02',40,'GBP',27.57),
('2023-10-03',40,'GBP',27.41),
('2023-10-04',40,'GBP',28.42),
('2023-10-05',40,'GBP',28.31),
('2023-10-06',40,'GBP',28.65),
('2023-10-09',40,'GBP',28.73),
('2023-10-10',40,'GBP',28.79),
('2023-10-11',40,'GBP',28.96),
('2023-10-12',40,'GBP',29.17),
('2023-10-13',40,'GBP',29.33),
('2023-10-16',40,'GBP',29.17),
('2023-10-17',40,'GBP',29.01),
('2023-10-18',40,'GBP',28.77),
('2023-10-19',40,'GBP',28.70),
('2023-10-20',40,'GBP',28.26),
('2023-10-23',40,'GBP',28.65),
('2023-10-24',40,'GBP',28.03),
('2023-10-25',40,'GBP',28.85),
('2023-10-26',40,'GBP',28.33),
('2023-10-27',40,'GBP',28.32),
('2023-10-30',40,'GBP',28.77),
('2023-10-31',40,'GBP',28.96),
('2023-09-29',41,'USD',170.80),
('2023-10-02',41,'USD',172.99),
('2023-10-03',41,'USD',172.37),
('2023-10-04',41,'USD',174.99),
('2023-10-05',41,'USD',174.88),
('2023-10-06',41,'USD',176.77),
('2023-10-09',41,'USD',179.75),
('2023-10-10',41,'USD',179.54),
('2023-10-11',41,'USD',179.43),
('2023-10-12',41,'USD',180.66),
('2023-10-13',41,'USD',180.60),
('2023-10-16',41,'USD',180.03),
('2023-10-17',41,'USD',176.92),
('2023-10-18',41,'USD',176.73),
('2023-10-19',41,'USD',174.67),
('2023-10-20',41,'USD',173.73),
('2023-10-23',41,'USD',173.41),
('2023-10-24',41,'USD',173.47),
('2023-10-25',41,'USD',172.50),
('2023-10-26',41,'USD',167.04),
('2023-10-27',41,'USD',169.44),
('2023-10-30',41,'USD',169.66),
('2023-10-31',41,'USD',170.14),
('2023-09-29',42,'USD',316.23),
('2023-10-02',42,'USD',319.51),
('2023-10-03',42,'USD',311.88),
('2023-10-04',42,'USD',321.42),
('2023-10-05',42,'USD',319.11),
('2023-10-06',42,'USD',329.00),
('2023-10-09',42,'USD',328.49),
('2023-10-10',42,'USD',325.22),
('2023-10-11',42,'USD',329.38),
('2023-10-12',42,'USD',332.95),
('2023-10-13',42,'USD',328.26),
('2023-10-16',42,'USD',334.45),
('2023-10-17',42,'USD',329.65),
('2023-10-18',42,'USD',330.51),
('2023-10-19',42,'USD',328.52),
('2023-10-20',42,'USD',326.77),
('2023-10-23',42,'USD',330.63),
('2023-10-24',42,'USD',332.55),
('2023-10-25',42,'USD',341.25),
('2023-10-26',42,'USD',327.97),
('2023-10-27',42,'USD',328.81),
('2023-10-30',42,'USD',337.76),
('2023-10-31',42,'USD',337.03),
('2023-09-29',43,'USD',127.46),
('2023-10-02',43,'USD',130.56),
('2023-10-03',43,'USD',124.60),
('2023-10-04',43,'USD',126.92),
('2023-10-05',43,'USD',127.12),
('2023-10-06',43,'USD',127.35),
('2023-10-09',43,'USD',129.27),
('2023-10-10',43,'USD',128.29),
('2023-10-11',43,'USD',130.77),
('2023-10-12',43,'USD',132.30),
('2023-10-13',43,'USD',129.77),
('2023-10-16',43,'USD',133.07),
('2023-10-17',43,'USD',130.89),
('2023-10-18',43,'USD',128.02),
('2023-10-19',43,'USD',127.55),
('2023-10-20',43,'USD',125.45),
('2023-10-23',43,'USD',127.47),
('2023-10-24',43,'USD',129.07),
('2023-10-25',43,'USD',121.93),
('2023-10-26',43,'USD',120.08),
('2023-10-27',43,'USD',128.89),
('2023-10-30',43,'USD',133.65),
('2023-10-31',43,'USD',132.01),
('2023-09-29',44,'USD',436.14),
('2023-10-02',44,'USD',444.69),
('2023-10-03',44,'USD',430.84),
('2023-10-04',44,'USD',442.97),
('2023-10-05',44,'USD',443.00),
('2023-10-06',44,'USD',458.63),
('2023-10-09',44,'USD',456.01),
('2023-10-10',44,'USD',459.30),
('2023-10-11',44,'USD',471.93),
('2023-10-12',44,'USD',471.46),
('2023-10-13',44,'USD',454.87),
('2023-10-16',44,'USD',461.36),
('2023-10-17',44,'USD',437.63),
('2023-10-18',44,'USD',423.65),
('2023-10-19',44,'USD',424.44),
('2023-10-20',44,'USD',411.90),
('2023-10-23',44,'USD',432.66),
('2023-10-24',44,'USD',439.66),
('2023-10-25',44,'USD',414.04),
('2023-10-26',44,'USD',406.92),
('2023-10-27',44,'USD',405.74),
('2023-10-30',44,'USD',412.66),
('2023-10-31',44,'USD',410.72),
('2023-09-29',45,'USD',129.87),
('2023-10-02',45,'USD',134.22),
('2023-10-03',45,'USD',133.33),
('2023-10-04',45,'USD',135.07),
('2023-10-05',45,'USD',134.96),
('2023-10-06',45,'USD',138.63),
('2023-10-09',45,'USD',137.65),
('2023-10-10',45,'USD',139.18),
('2023-10-11',45,'USD',141.29),
('2023-10-12',45,'USD',138.10),
('2023-10-13',45,'USD',138.22),
('2023-10-16',45,'USD',138.42),
('2023-10-17',45,'USD',140.27),
('2023-10-18',45,'USD',136.72),
('2023-10-19',45,'USD',138.84),
('2023-10-20',45,'USD',136.13),
('2023-10-23',45,'USD',137.21),
('2023-10-24',45,'USD',139.34),
('2023-10-25',45,'USD',124.62),
('2023-10-26',45,'USD',122.68),
('2023-10-27',45,'USD',122.26),
('2023-10-30',45,'USD',124.67),
('2023-10-31',45,'USD',124.86),
('2023-09-29',46,'USD',132.16),
('2023-10-02',46,'USD',133.87),
('2023-10-03',46,'USD',133.81),
('2023-10-04',46,'USD',137.45),
('2023-10-05',46,'USD',136.75),
('2023-10-06',46,'USD',139.94),
('2023-10-09',46,'USD',140.30),
('2023-10-10',46,'USD',138.42),
('2023-10-11',46,'USD',142.53),
('2023-10-12',46,'USD',140.82),
('2023-10-13',46,'USD',137.93),
('2023-10-16',46,'USD',139.18),
('2023-10-17',46,'USD',140.21),
('2023-10-18',46,'USD',138.69),
('2023-10-19',46,'USD',138.59),
('2023-10-20',46,'USD',137.46),
('2023-10-23',46,'USD',138.66),
('2023-10-24',46,'USD',141.34),
('2023-10-25',46,'USD',125.46),
('2023-10-26',46,'USD',123.14),
('2023-10-27',46,'USD',122.47),
('2023-10-30',46,'USD',125.74),
('2023-10-31',46,'USD',124.42),
('2023-09-29',47,'USD',302.38),
('2023-10-02',47,'USD',307.34),
('2023-10-03',47,'USD',302.69),
('2023-10-04',47,'USD',304.23),
('2023-10-05',47,'USD',307.35),
('2023-10-06',47,'USD',316.20),
('2023-10-09',47,'USD',320.34),
('2023-10-10',47,'USD',320.15),
('2023-10-11',47,'USD',330.88),
('2023-10-12',47,'USD',323.12),
('2023-10-13',47,'USD',314.09),
('2023-10-16',47,'USD',318.89),
('2023-10-17',47,'USD',326.53),
('2023-10-18',47,'USD',317.85),
('2023-10-19',47,'USD',314.05),
('2023-10-20',47,'USD',308.44),
('2023-10-23',47,'USD',316.31),
('2023-10-24',47,'USD',312.56),
('2023-10-25',47,'USD',301.66),
('2023-10-26',47,'USD',285.98),
('2023-10-27',47,'USD',298.38),
('2023-10-30',47,'USD',305.55),
('2023-10-31',47,'USD',299.96),
('2023-09-29',48,'USD',248.85),
('2023-10-02',48,'USD',249.41),
('2023-10-03',48,'USD',248.40),
('2023-10-04',48,'USD',262.11),
('2023-10-05',48,'USD',262.20),
('2023-10-06',48,'USD',258.34),
('2023-10-09',48,'USD',260.80),
('2023-10-10',48,'USD',264.59),
('2023-10-11',48,'USD',264.69),
('2023-10-12',48,'USD',259.47),
('2023-10-13',48,'USD',249.92),
('2023-10-16',48,'USD',253.23),
('2023-10-17',48,'USD',253.44),
('2023-10-18',48,'USD',240.93),
('2023-10-19',48,'USD',220.68),
('2023-10-20',48,'USD',213.71),
('2023-10-23',48,'USD',210.48),
('2023-10-24',48,'USD',216.91),
('2023-10-25',48,'USD',213.68),
('2023-10-26',48,'USD',206.37),
('2023-10-27',48,'USD',205.39),
('2023-10-30',48,'USD',195.74),
('2023-10-31',48,'USD',199.40),
('2023-09-29',49,'USD',532.20),
('2023-10-02',49,'USD',535.50),
('2023-10-03',49,'USD',521.53),
('2023-10-04',49,'USD',530.55),
('2023-10-05',49,'USD',537.38),
('2023-10-06',49,'USD',565.40),
('2023-10-09',49,'USD',573.07),
('2023-10-10',49,'USD',583.55),
('2023-10-11',49,'USD',604.90),
('2023-10-12',49,'USD',611.30),
('2023-10-13',49,'USD',614.73),
('2023-10-16',49,'USD',620.62),
('2023-10-17',49,'USD',606.72),
('2023-10-18',49,'USD',608.93),
('2023-10-19',49,'USD',587.32),
('2023-10-20',49,'USD',582.23),
('2023-10-23',49,'USD',573.87),
('2023-10-24',49,'USD',587.61),
('2023-10-25',49,'USD',584.21),
('2023-10-26',49,'USD',567.26),
('2023-10-27',49,'USD',556.33),
('2023-10-30',49,'USD',568.44),
('2023-10-31',49,'USD',557.44),
('2023-09-29',50,'USD',503.17),
('2023-10-02',50,'USD',515.13),
('2023-10-03',50,'USD',511.37),
('2023-10-04',50,'USD',506.11),
('2023-10-05',50,'USD',516.90),
('2023-10-06',50,'USD',526.13),
('2023-10-09',50,'USD',528.42),
('2023-10-10',50,'USD',525.41),
('2023-10-11',50,'USD',519.85),
('2023-10-12',50,'USD',523.68),
('2023-10-13',50,'USD',544.25),
('2023-10-16',50,'USD',537.06),
('2023-10-17',50,'USD',537.66),
('2023-10-18',50,'USD',532.66),
('2023-10-19',50,'USD',533.00),
('2023-10-20',50,'USD',526.57),
('2023-10-23',50,'USD',517.76),
('2023-10-24',50,'USD',528.81),
('2023-10-25',50,'USD',526.99),
('2023-10-26',50,'USD',526.17),
('2023-10-27',50,'USD',528.29),
('2023-10-30',50,'USD',529.41),
('2023-10-31',50,'USD',534.05),
('2023-09-29',51,'EUR',1.00),
('2023-10-02',51,'EUR',1.00),
('2023-10-03',51,'EUR',1.00),
('2023-10-04',51,'EUR',1.00),
('2023-10-05',51,'EUR',1.00),
('2023-10-06',51,'EUR',1.00),
('2023-10-09',51,'EUR',1.00),
('2023-10-10',51,'EUR',1.00),
('2023-10-11',51,'EUR',1.00),
('2023-10-12',51,'EUR',1.00),
('2023-10-13',51,'EUR',1.00),
('2023-10-16',51,'EUR',1.00),
('2023-10-17',51,'EUR',1.00),
('2023-10-18',51,'EUR',1.00),
('2023-10-19',51,'EUR',1.00),
('2023-10-20',51,'EUR',1.00),
('2023-10-23',51,'EUR',1.00),
('2023-10-24',51,'EUR',1.00),
('2023-10-25',51,'EUR',1.00),
('2023-10-26',51,'EUR',1.00),
('2023-10-27',51,'EUR',1.00),
('2023-10-30',51,'EUR',1.00),
('2023-10-31',51,'EUR',1.00),
('2023-09-29',52,'USD',1.00),
('2023-10-02',52,'USD',1.00),
('2023-10-03',52,'USD',1.00),
('2023-10-04',52,'USD',1.00),
('2023-10-05',52,'USD',1.00),
('2023-10-06',52,'USD',1.00),
('2023-10-09',52,'USD',1.00),
('2023-10-10',52,'USD',1.00),
('2023-10-11',52,'USD',1.00),
('2023-10-12',52,'USD',1.00),
('2023-10-13',52,'USD',1.00),
('2023-10-16',52,'USD',1.00),
('2023-10-17',52,'USD',1.00),
('2023-10-18',52,'USD',1.00),
('2023-10-19',52,'USD',1.00),
('2023-10-20',52,'USD',1.00),
('2023-10-23',52,'USD',1.00),
('2023-10-24',52,'USD',1.00),
('2023-10-25',52,'USD',1.00),
('2023-10-26',52,'USD',1.00),
('2023-10-27',52,'USD',1.00),
('2023-10-30',52,'USD',1.00),
('2023-10-31',52,'USD',1.00),
('2023-09-29',53,'JPY',1.00),
('2023-10-02',53,'JPY',1.00),
('2023-10-03',53,'JPY',1.00),
('2023-10-04',53,'JPY',1.00),
('2023-10-05',53,'JPY',1.00),
('2023-10-06',53,'JPY',1.00),
('2023-10-09',53,'JPY',1.00),
('2023-10-10',53,'JPY',1.00),
('2023-10-11',53,'JPY',1.00),
('2023-10-12',53,'JPY',1.00),
('2023-10-13',53,'JPY',1.00),
('2023-10-16',53,'JPY',1.00),
('2023-10-17',53,'JPY',1.00),
('2023-10-18',53,'JPY',1.00),
('2023-10-19',53,'JPY',1.00),
('2023-10-20',53,'JPY',1.00),
('2023-10-23',53,'JPY',1.00),
('2023-10-24',53,'JPY',1.00),
('2023-10-25',53,'JPY',1.00),
('2023-10-26',53,'JPY',1.00),
('2023-10-27',53,'JPY',1.00),
('2023-10-30',53,'JPY',1.00),
('2023-10-31',53,'JPY',1.00),
('2023-09-29',54,'GBP',1.00),
('2023-10-02',54,'GBP',1.00),
('2023-10-03',54,'GBP',1.00),
('2023-10-04',54,'GBP',1.00),
('2023-10-05',54,'GBP',1.00),
('2023-10-06',54,'GBP',1.00),
('2023-10-09',54,'GBP',1.00),
('2023-10-10',54,'GBP',1.00),
('2023-10-11',54,'GBP',1.00),
('2023-10-12',54,'GBP',1.00),
('2023-10-13',54,'GBP',1.00),
('2023-10-16',54,'GBP',1.00),
('2023-10-17',54,'GBP',1.00),
('2023-10-18',54,'GBP',1.00),
('2023-10-19',54,'GBP',1.00),
('2023-10-20',54,'GBP',1.00),
('2023-10-23',54,'GBP',1.00),
('2023-10-24',54,'GBP',1.00),
('2023-10-25',54,'GBP',1.00),
('2023-10-26',54,'GBP',1.00),
('2023-10-27',54,'GBP',1.00),
('2023-10-30',54,'GBP',1.00),
('2023-10-31',54,'GBP',1.00),
('2023-09-29',55,'EUR',100.0000),
('2023-10-02',55,'EUR',100.2113),
('2023-10-03',55,'EUR',99.6077),
('2023-10-04',55,'EUR',99.8661),
('2023-10-05',55,'EUR',98.9502),
('2023-10-06',55,'EUR',98.6682),
('2023-10-09',55,'EUR',98.5886),
('2023-10-10',55,'EUR',98.2864),
('2023-10-11',55,'EUR',98.5610),
('2023-10-12',55,'EUR',97.6988),
('2023-10-13',55,'EUR',97.4136),
('2023-10-16',55,'EUR',97.4048),
('2023-10-17',55,'EUR',98.3116),
('2023-10-18',55,'EUR',98.2975),
('2023-10-19',55,'EUR',98.8414),
('2023-10-20',55,'EUR',99.6124),
('2023-10-23',55,'EUR',99.0896),
('2023-10-24',55,'EUR',98.5231),
('2023-10-25',55,'EUR',99.0022),
('2023-10-26',55,'EUR',99.3397),
('2023-10-27',55,'EUR',99.5324),
('2023-10-30',55,'EUR',99.9516),
('2023-10-31',55,'EUR',99.5988),
('2023-09-29',56,'EUR',100.0000),
('2023-10-02',56,'EUR',100.2019),
('2023-10-03',56,'EUR',99.7805),
('2023-10-04',56,'EUR',99.5032),
('2023-10-05',56,'EUR',99.4750),
('2023-10-06',56,'EUR',99.3943),
('2023-10-09',56,'EUR',99.8772),
('2023-10-10',56,'EUR',99.6377),
('2023-10-11',56,'EUR',99.9400),
('2023-10-12',56,'EUR',100.0742),
('2023-10-13',56,'EUR',99.9196),
('2023-10-16',56,'EUR',100.3754),
('2023-10-17',56,'EUR',99.9066),
('2023-10-18',56,'EUR',99.7547),
('2023-10-19',56,'EUR',100.0720),
('2023-10-20',56,'EUR',99.8514),
('2023-10-23',56,'EUR',99.8123),
('2023-10-24',56,'EUR',100.0052),
('2023-10-25',56,'EUR',100.0966),
('2023-10-26',56,'EUR',99.8744),
('2023-10-27',56,'EUR',99.8715),
('2023-10-30',56,'EUR',99.8434),
('2023-10-31',56,'EUR',100.2935),
('2023-09-29',57,'EUR',100.0000),
('2023-10-02',57,'EUR',100.2047),
('2023-10-03',57,'EUR',99.7287),
('2023-10-04',57,'EUR',99.6121),
('2023-10-05',57,'EUR',99.3176),
('2023-10-06',57,'EUR',99.1765),
('2023-10-09',57,'EUR',99.4906),
('2023-10-10',57,'EUR',99.2323),
('2023-10-11',57,'EUR',99.5263),
('2023-10-12',57,'EUR',99.3616),
('2023-10-13',57,'EUR',99.1678),
('2023-10-16',57,'EUR',99.4842),
('2023-10-17',57,'EUR',99.4281),
('2023-10-18',57,'EUR',99.3175),
('2023-10-19',57,'EUR',99.7028),
('2023-10-20',57,'EUR',99.7797),
('2023-10-23',57,'EUR',99.5955),
('2023-10-24',57,'EUR',99.5606),
('2023-10-25',57,'EUR',99.7683),
('2023-10-26',57,'EUR',99.7140),
('2023-10-27',57,'EUR',99.7698),
('2023-10-30',57,'EUR',99.8759),
('2023-10-31',57,'EUR',100.0851)






